{
    "ttH": {
        "2los_CRZ": [
            3.577136415830701,
            1.73977232317109e-15
        ],
        "2los_CRtt": [
            5.430849838072891,
            2.143673127687468e-15
        ],
        "2lss_4t_m": [
            2.928191940148828,
            1.574071431807853e-15
        ],
        "2lss_4t_p": [
            3.482428647286053,
            1.716586844251531e-15
        ],
        "2lss_CR": [
            18.923097744919794,
            4.001481218000286e-15
        ],
        "2lss_CRflip": [
            8.25900391021298,
            2.643555924134454e-15
        ],
        "2lss_m": [
            23.58367206973161,
            4.467148400068487e-15
        ],
        "2lss_p": [
            24.265087048017072,
            4.531224639425584e-15
        ],
        "3l_CR": [
            4.683398552022075,
            1.9906972893598953e-15
        ],
        "3l_m_offZ_1b": [
            6.261201269058328,
            2.301725338818046e-15
        ],
        "3l_m_offZ_2b": [
            5.235628440021006,
            2.1047914722262244e-15
        ],
        "3l_onZ_1b": [
            2.7349680861138794,
            1.521250723968039e-15
        ],
        "3l_onZ_2b": [
            2.6674854655127276,
            1.5023658296843276e-15
        ],
        "3l_p_offZ_1b": [
            6.903425090949406,
            2.416890500693361e-15
        ],
        "3l_p_offZ_2b": [
            6.289362016945038,
            2.306895719466304e-15
        ],
        "4l": [
            0.6788932092084161,
            7.579235450224706e-16
        ]
    }
}